accession,associated_metabolite,protein_dcid,metabolite_dcid
HMDBP00001,HMDB0014944,bio/5NTD_HUMAN,bio/CHEMBL628
HMDBP00001,HMDB0015122,bio/5NTD_HUMAN,bio/CHEMBL803
HMDBP00001,HMDB0002111,bio/5NTD_HUMAN,bio/CHEMBL1098659
HMDBP00001,HMDB0001429,bio/5NTD_HUMAN,bio/CHEMBL1187
HMDBP00001,HMDB0000045,bio/5NTD_HUMAN,bio/CHEMBL752
HMDBP00001,HMDB0000050,bio/5NTD_HUMAN,bio/CHEMBL477
HMDBP00001,HMDB0000095,bio/5NTD_HUMAN,bio/CHEMBL307679
HMDBP00001,HMDB0000089,bio/5NTD_HUMAN,bio/CHEMBL95606
HMDBP00001,HMDB0000288,bio/5NTD_HUMAN,bio/CHEMBL214393
HMDBP00001,HMDB0000296,bio/5NTD_HUMAN,bio/CHEMBL100259
HMDBP00001,HMDB0000175,bio/5NTD_HUMAN,bio/CHEMBL1207374
HMDBP00001,HMDB0000195,bio/5NTD_HUMAN,bio/CHEMBL1556
HMDBP00001,HMDB0001397,bio/5NTD_HUMAN,bio/CHEMBL283807
HMDBP00001,HMDB0000133,bio/5NTD_HUMAN,bio/CHEMBL375655
HMDBP00001,HMDB0001227,bio/5NTD_HUMAN,bio/CHEMBL394429
HMDBP00001,HMDB0000273,bio/5NTD_HUMAN,bio/CHEMBL52609
HMDBP00001,HMDB0001202,bio/5NTD_HUMAN,bio/CHEMBL374699
HMDBP00001,HMDB0000014,bio/5NTD_HUMAN,bio/CHEMBL66115
HMDBP00001,HMDB0001044,bio/5NTD_HUMAN,bio/CHEMBL477487
HMDBP00001,HMDB0000085,bio/5NTD_HUMAN,bio/CHEMBL68908
HMDBP00001,HMDB0000905,bio/5NTD_HUMAN,bio/CHEMBL1206239
HMDBP00001,HMDB0000101,bio/5NTD_HUMAN,bio/CHEMBL449329
HMDBP00001,HMDB0000229,bio/5NTD_HUMAN,bio/CHEMBL610238
HMDBP00001,HMDB0000855,bio/5NTD_HUMAN,bio/CHEMBL438497
HMDBP00001,HMDB0001554,bio/5NTD_HUMAN,bio/CHEMBL1206243
HMDBP00001,HMDB0000299,bio/5NTD_HUMAN,bio/CHEMBL402439
HMDBP00001,HMDB0001132,bio/5NTD_HUMAN,bio/HMDB0001132
HMDBP00001,HMDB0006809,bio/5NTD_HUMAN,bio/CHEMBL396943
HMDBP00002,HMDB0001409,bio/DCTD_HUMAN,bio/CHEMBL211312
HMDBP00002,HMDB0001202,bio/DCTD_HUMAN,bio/CHEMBL374699
HMDBP00002,HMDB0000051,bio/DCTD_HUMAN,bio/CHEMBL1160819
HMDBP00002,HMDB0002111,bio/DCTD_HUMAN,bio/CHEMBL1098659
HMDBP00002,HMDB0015122,bio/DCTD_HUMAN,bio/CHEMBL803
HMDBP00003,HMDB0000547,bio/KCY_HUMAN,bio/HMDB0000547
HMDBP00003,HMDB0014584,bio/KCY_HUMAN,bio/CHEMBL888
HMDBP00003,HMDB0000295,bio/KCY_HUMAN,bio/CHEMBL130266
HMDBP00003,HMDB0000538,bio/KCY_HUMAN,bio/CHEMBL14249
HMDBP00003,HMDB0001341,bio/KCY_HUMAN,bio/CHEMBL14830
HMDBP00003,HMDB0000288,bio/KCY_HUMAN,bio/CHEMBL214393
HMDBP00003,HMDB0000095,bio/KCY_HUMAN,bio/CHEMBL307679
HMDBP00003,HMDB0001546,bio/KCY_HUMAN,bio/CHEMBL425252
HMDBP00003,HMDB0001202,bio/KCY_HUMAN,bio/CHEMBL374699
HMDBP00003,HMDB0001245,bio/KCY_HUMAN,bio/HMDB0001245
HMDBP00004,HMDB0000547,bio/5NT1B_HUMAN,bio/HMDB0000547
HMDBP00004,HMDB0000014,bio/5NT1B_HUMAN,bio/CHEMBL66115
HMDBP00004,HMDB0000045,bio/5NT1B_HUMAN,bio/CHEMBL752
HMDBP00004,HMDB0000050,bio/5NT1B_HUMAN,bio/CHEMBL477
HMDBP00004,HMDB0000085,bio/5NT1B_HUMAN,bio/CHEMBL68908
HMDBP00004,HMDB0000089,bio/5NT1B_HUMAN,bio/CHEMBL95606
HMDBP00004,HMDB0000095,bio/5NT1B_HUMAN,bio/CHEMBL307679
HMDBP00004,HMDB0000101,bio/5NT1B_HUMAN,bio/CHEMBL449329
HMDBP00004,HMDB0000133,bio/5NT1B_HUMAN,bio/CHEMBL375655
HMDBP00004,HMDB0000175,bio/5NT1B_HUMAN,bio/CHEMBL1207374
HMDBP00004,HMDB0000195,bio/5NT1B_HUMAN,bio/CHEMBL1556
HMDBP00004,HMDB0000229,bio/5NT1B_HUMAN,bio/CHEMBL610238
HMDBP00004,HMDB0000273,bio/5NT1B_HUMAN,bio/CHEMBL52609
HMDBP00004,HMDB0000288,bio/5NT1B_HUMAN,bio/CHEMBL214393
HMDBP00004,HMDB0000296,bio/5NT1B_HUMAN,bio/CHEMBL100259
HMDBP00004,HMDB0000299,bio/5NT1B_HUMAN,bio/CHEMBL402439
HMDBP00004,HMDB0000855,bio/5NT1B_HUMAN,bio/CHEMBL438497
HMDBP00004,HMDB0000905,bio/5NT1B_HUMAN,bio/CHEMBL1206239
HMDBP00004,HMDB0001044,bio/5NT1B_HUMAN,bio/CHEMBL477487
HMDBP00004,HMDB0001132,bio/5NT1B_HUMAN,bio/HMDB0001132
HMDBP00004,HMDB0001202,bio/5NT1B_HUMAN,bio/CHEMBL374699
HMDBP00004,HMDB0001227,bio/5NT1B_HUMAN,bio/CHEMBL394429
HMDBP00004,HMDB0001397,bio/5NT1B_HUMAN,bio/CHEMBL283807
HMDBP00004,HMDB0001429,bio/5NT1B_HUMAN,bio/CHEMBL1187
HMDBP00004,HMDB0001554,bio/5NT1B_HUMAN,bio/CHEMBL1206243
HMDBP00004,HMDB0001570,bio/5NT1B_HUMAN,bio/CHEMBL394429
HMDBP00004,HMDB0002111,bio/5NT1B_HUMAN,bio/CHEMBL1098659
HMDBP00004,HMDB0006809,bio/5NT1B_HUMAN,bio/CHEMBL396943
HMDBP00005,HMDB0000547,bio/5NT1A_HUMAN,bio/HMDB0000547
HMDBP00005,HMDB0000014,bio/5NT1A_HUMAN,bio/CHEMBL66115
HMDBP00005,HMDB0000045,bio/5NT1A_HUMAN,bio/CHEMBL752
HMDBP00005,HMDB0000050,bio/5NT1A_HUMAN,bio/CHEMBL477
HMDBP00005,HMDB0000085,bio/5NT1A_HUMAN,bio/CHEMBL68908
HMDBP00005,HMDB0000089,bio/5NT1A_HUMAN,bio/CHEMBL95606
HMDBP00005,HMDB0000095,bio/5NT1A_HUMAN,bio/CHEMBL307679
HMDBP00005,HMDB0000101,bio/5NT1A_HUMAN,bio/CHEMBL449329
HMDBP00005,HMDB0000133,bio/5NT1A_HUMAN,bio/CHEMBL375655
HMDBP00005,HMDB0000175,bio/5NT1A_HUMAN,bio/CHEMBL1207374
HMDBP00005,HMDB0000195,bio/5NT1A_HUMAN,bio/CHEMBL1556
HMDBP00005,HMDB0000229,bio/5NT1A_HUMAN,bio/CHEMBL610238
HMDBP00005,HMDB0000273,bio/5NT1A_HUMAN,bio/CHEMBL52609
HMDBP00005,HMDB0000288,bio/5NT1A_HUMAN,bio/CHEMBL214393
HMDBP00005,HMDB0000296,bio/5NT1A_HUMAN,bio/CHEMBL100259
HMDBP00005,HMDB0000299,bio/5NT1A_HUMAN,bio/CHEMBL402439
HMDBP00005,HMDB0000855,bio/5NT1A_HUMAN,bio/CHEMBL438497
HMDBP00005,HMDB0000905,bio/5NT1A_HUMAN,bio/CHEMBL1206239
HMDBP00005,HMDB0001044,bio/5NT1A_HUMAN,bio/CHEMBL477487
HMDBP00005,HMDB0001132,bio/5NT1A_HUMAN,bio/HMDB0001132
HMDBP00005,HMDB0001202,bio/5NT1A_HUMAN,bio/CHEMBL374699
HMDBP00005,HMDB0001227,bio/5NT1A_HUMAN,bio/CHEMBL394429
HMDBP00005,HMDB0001397,bio/5NT1A_HUMAN,bio/CHEMBL283807
HMDBP00005,HMDB0001429,bio/5NT1A_HUMAN,bio/CHEMBL1187
HMDBP00005,HMDB0001554,bio/5NT1A_HUMAN,bio/CHEMBL1206243
HMDBP00005,HMDB0001570,bio/5NT1A_HUMAN,bio/CHEMBL394429
HMDBP00005,HMDB0002111,bio/5NT1A_HUMAN,bio/CHEMBL1098659
HMDBP00005,HMDB0006809,bio/5NT1A_HUMAN,bio/CHEMBL396943
HMDBP00006,HMDB0000547,bio/NT5C_HUMAN,bio/HMDB0000547
HMDBP00006,HMDB0000014,bio/NT5C_HUMAN,bio/CHEMBL66115
HMDBP00006,HMDB0000045,bio/NT5C_HUMAN,bio/CHEMBL752
HMDBP00006,HMDB0000050,bio/NT5C_HUMAN,bio/CHEMBL477
HMDBP00006,HMDB0000085,bio/NT5C_HUMAN,bio/CHEMBL68908
HMDBP00006,HMDB0000089,bio/NT5C_HUMAN,bio/CHEMBL95606
HMDBP00006,HMDB0000095,bio/NT5C_HUMAN,bio/CHEMBL307679
HMDBP00006,HMDB0000101,bio/NT5C_HUMAN,bio/CHEMBL449329
HMDBP00006,HMDB0000133,bio/NT5C_HUMAN,bio/CHEMBL375655
HMDBP00006,HMDB0000175,bio/NT5C_HUMAN,bio/CHEMBL1207374
HMDBP00006,HMDB0000195,bio/NT5C_HUMAN,bio/CHEMBL1556
HMDBP00006,HMDB0000229,bio/NT5C_HUMAN,bio/CHEMBL610238
HMDBP00006,HMDB0000273,bio/NT5C_HUMAN,bio/CHEMBL52609
HMDBP00006,HMDB0000288,bio/NT5C_HUMAN,bio/CHEMBL214393
HMDBP00006,HMDB0000296,bio/NT5C_HUMAN,bio/CHEMBL100259
HMDBP00006,HMDB0000299,bio/NT5C_HUMAN,bio/CHEMBL402439
HMDBP00006,HMDB0000855,bio/NT5C_HUMAN,bio/CHEMBL438497
HMDBP00006,HMDB0000905,bio/NT5C_HUMAN,bio/CHEMBL1206239
HMDBP00006,HMDB0001044,bio/NT5C_HUMAN,bio/CHEMBL477487
HMDBP00006,HMDB0001132,bio/NT5C_HUMAN,bio/HMDB0001132
HMDBP00006,HMDB0001202,bio/NT5C_HUMAN,bio/CHEMBL374699
HMDBP00006,HMDB0001227,bio/NT5C_HUMAN,bio/CHEMBL394429
HMDBP00006,HMDB0001397,bio/NT5C_HUMAN,bio/CHEMBL283807
HMDBP00006,HMDB0001429,bio/NT5C_HUMAN,bio/CHEMBL1187
HMDBP00006,HMDB0001554,bio/NT5C_HUMAN,bio/CHEMBL1206243
HMDBP00006,HMDB0001570,bio/NT5C_HUMAN,bio/CHEMBL394429
HMDBP00006,HMDB0002111,bio/NT5C_HUMAN,bio/CHEMBL1098659
HMDBP00006,HMDB0006809,bio/NT5C_HUMAN,bio/CHEMBL396943
HMDBP00007,HMDB0000045,bio/DCK_HUMAN,bio/CHEMBL752
HMDBP00007,HMDB0000050,bio/DCK_HUMAN,bio/CHEMBL477
HMDBP00007,HMDB0001202,bio/DCK_HUMAN,bio/CHEMBL374699
HMDBP00007,HMDB0000014,bio/DCK_HUMAN,bio/CHEMBL66115
HMDBP00007,HMDB0000538,bio/DCK_HUMAN,bio/CHEMBL14249
HMDBP00007,HMDB0001341,bio/DCK_HUMAN,bio/CHEMBL14830
HMDBP00007,HMDB0014387,bio/DCK_HUMAN,bio/HMDB0014387
HMDBP00007,HMDB0014584,bio/DCK_HUMAN,bio/CHEMBL888
HMDBP00007,HMDB0014769,bio/DCK_HUMAN,bio/HMDB0014769
HMDBP00007,HMDB0014780,bio/DCK_HUMAN,bio/HMDB0014780
HMDBP00007,HMDB0015017,bio/DCK_HUMAN,bio/CHEMBL885
HMDBP00007,HMDB0015078,bio/DCK_HUMAN,bio/CHEMBL853
HMDBP00007,HMDB0015122,bio/DCK_HUMAN,bio/CHEMBL803
HMDBP00007,HMDB0015206,bio/DCK_HUMAN,bio/HMDB0015206
HMDBP00007,HMDB0015391,bio/DCK_HUMAN,bio/HMDB0015391
HMDBP00007,HMDB0015401,bio/DCK_HUMAN,bio/HMDB0015401
HMDBP00007,HMDB0060500,bio/DCK_HUMAN,bio/HMDB0060500
HMDBP00008,HMDB0000547,bio/NT5M_HUMAN,bio/HMDB0000547
HMDBP00008,HMDB0006555,bio/NT5M_HUMAN,bio/HMDB0006555
HMDBP00008,HMDB0000014,bio/NT5M_HUMAN,bio/CHEMBL66115
HMDBP00008,HMDB0000045,bio/NT5M_HUMAN,bio/CHEMBL752
HMDBP00008,HMDB0000050,bio/NT5M_HUMAN,bio/CHEMBL477
HMDBP00008,HMDB0000085,bio/NT5M_HUMAN,bio/CHEMBL68908
HMDBP00008,HMDB0000089,bio/NT5M_HUMAN,bio/CHEMBL95606
HMDBP00008,HMDB0000095,bio/NT5M_HUMAN,bio/CHEMBL307679
HMDBP00008,HMDB0000101,bio/NT5M_HUMAN,bio/CHEMBL449329
HMDBP00008,HMDB0000133,bio/NT5M_HUMAN,bio/CHEMBL375655
HMDBP00008,HMDB0000175,bio/NT5M_HUMAN,bio/CHEMBL1207374
HMDBP00008,HMDB0000195,bio/NT5M_HUMAN,bio/CHEMBL1556
HMDBP00008,HMDB0000229,bio/NT5M_HUMAN,bio/CHEMBL610238
HMDBP00008,HMDB0000273,bio/NT5M_HUMAN,bio/CHEMBL52609
HMDBP00008,HMDB0000288,bio/NT5M_HUMAN,bio/CHEMBL214393
HMDBP00008,HMDB0000296,bio/NT5M_HUMAN,bio/CHEMBL100259
HMDBP00008,HMDB0000299,bio/NT5M_HUMAN,bio/CHEMBL402439
HMDBP00008,HMDB0000855,bio/NT5M_HUMAN,bio/CHEMBL438497
HMDBP00008,HMDB0000905,bio/NT5M_HUMAN,bio/CHEMBL1206239
HMDBP00008,HMDB0001044,bio/NT5M_HUMAN,bio/CHEMBL477487
HMDBP00008,HMDB0001132,bio/NT5M_HUMAN,bio/HMDB0001132
HMDBP00008,HMDB0001202,bio/NT5M_HUMAN,bio/CHEMBL374699
HMDBP00008,HMDB0001227,bio/NT5M_HUMAN,bio/CHEMBL394429
HMDBP00008,HMDB0001397,bio/NT5M_HUMAN,bio/CHEMBL283807
HMDBP00008,HMDB0001429,bio/NT5M_HUMAN,bio/CHEMBL1187
HMDBP00008,HMDB0001554,bio/NT5M_HUMAN,bio/CHEMBL1206243
HMDBP00008,HMDB0001570,bio/NT5M_HUMAN,bio/CHEMBL394429
HMDBP00008,HMDB0002111,bio/NT5M_HUMAN,bio/CHEMBL1098659
HMDBP00008,HMDB0006809,bio/NT5M_HUMAN,bio/CHEMBL396943
HMDBP00009,HMDB0000060,bio/HMGCL_HUMAN,bio/CHEMBL1230762
HMDBP00009,HMDB0001206,bio/HMGCL_HUMAN,bio/HMDB0001206
HMDBP00009,HMDB0001375,bio/HMGCL_HUMAN,bio/CHEMBL1794644
HMDBP00009,HMDB0000355,bio/HMGCL_HUMAN,bio/CHEMBL50444
HMDBP00009,HMDB0060372,bio/HMGCL_HUMAN,bio/HMDB0060372
HMDBP00009,HMDB0060421,bio/HMGCL_HUMAN,bio/HMDB0060421
HMDBP00009,HMDB0000042,bio/HMGCL_HUMAN,bio/CHEMBL539
HMDBP00010,HMDB0001206,bio/ACLY_HUMAN,bio/HMDB0001206
HMDBP00010,HMDB0000223,bio/ACLY_HUMAN,bio/CHEMBL1794791
HMDBP00010,HMDB0000094,bio/ACLY_HUMAN,bio/CHEMBL1261
HMDBP00010,HMDB0001423,bio/ACLY_HUMAN,bio/CHEMBL1623949
HMDBP00010,HMDB0000538,bio/ACLY_HUMAN,bio/CHEMBL14249
HMDBP00010,HMDB0001341,bio/ACLY_HUMAN,bio/CHEMBL14830
HMDBP00010,HMDB0001429,bio/ACLY_HUMAN,bio/CHEMBL1187
HMDBP00011,HMDB0000058,bio/EP300_HUMAN,bio/CHEMBL316966
HMDBP00011,HMDB0001206,bio/EP300_HUMAN,bio/HMDB0001206
HMDBP00011,HMDB0001423,bio/EP300_HUMAN,bio/CHEMBL1623949
HMDBP00012,HMDB0001372,bio/ODPB_HUMAN,bio/CHEMBL1236376
HMDBP00012,HMDB0000005,bio/ODPB_HUMAN,bio/CHEMBL171246
HMDBP00012,HMDB0000019,bio/ODPB_HUMAN,bio/CHEMBL146554
HMDBP00012,HMDB0000243,bio/ODPB_HUMAN,bio/CHEMBL1162144
HMDBP00012,HMDB0000902,bio/ODPB_HUMAN,bio/CHEMBL3039307
HMDBP00012,HMDB0001206,bio/ODPB_HUMAN,bio/HMDB0001206
HMDBP00012,HMDB0001423,bio/ODPB_HUMAN,bio/CHEMBL1623949
HMDBP00012,HMDB0001487,bio/ODPB_HUMAN,bio/CHEMBL1234616
HMDBP00012,HMDB0001967,bio/ODPB_HUMAN,bio/CHEMBL1231871
HMDBP00012,HMDB0003904,bio/ODPB_HUMAN,bio/HMDB0003904
HMDBP00012,HMDB0006878,bio/ODPB_HUMAN,bio/HMDB0006878
HMDBP00013,HMDB0001206,bio/THIC_HUMAN,bio/HMDB0001206
HMDBP00013,HMDB0001423,bio/THIC_HUMAN,bio/CHEMBL1623949
HMDBP00013,HMDB0001484,bio/THIC_HUMAN,bio/HMDB0001484
HMDBP00013,HMDB0003943,bio/THIC_HUMAN,bio/HMDB0003943
HMDBP00013,HMDB0001088,bio/THIC_HUMAN,bio/CHEMBL1949894
HMDBP00014,HMDB0000058,bio/CBP_HUMAN,bio/CHEMBL316966
HMDBP00014,HMDB0001206,bio/CBP_HUMAN,bio/HMDB0001206
HMDBP00014,HMDB0001423,bio/CBP_HUMAN,bio/CHEMBL1623949
HMDBP00015,HMDB0001414,bio/SAT2_HUMAN,bio/CHEMBL46257
HMDBP00015,HMDB0002064,bio/SAT2_HUMAN,bio/CHEMBL81241
HMDBP00015,HMDB0001206,bio/SAT2_HUMAN,bio/HMDB0001206
HMDBP00015,HMDB0001423,bio/SAT2_HUMAN,bio/CHEMBL1623949
HMDBP00015,HMDB0001256,bio/SAT2_HUMAN,bio/CHEMBL23194
HMDBP00015,HMDB0001276,bio/SAT2_HUMAN,bio/CHEMBL176800
HMDBP00015,HMDB0001186,bio/SAT2_HUMAN,bio/CHEMBL131004
HMDBP00016,HMDB0001175,bio/DCMC_HUMAN,bio/CHEMBL1234355
HMDBP00016,HMDB0001206,bio/DCMC_HUMAN,bio/HMDB0001206
HMDBP00016,HMDB0001275,bio/DCMC_HUMAN,bio/HMDB0001275
HMDBP00016,HMDB0001967,bio/DCMC_HUMAN,bio/CHEMBL1231871
HMDBP00017,HMDB0003178,bio/HEM0_HUMAN,bio/HMDB0003178
HMDBP00017,HMDB0000692,bio/HEM0_HUMAN,bio/HMDB0000692
HMDBP00017,HMDB0001491,bio/HEM0_HUMAN,bio/CHEMBL82202
HMDBP00017,HMDB0003419,bio/HEM0_HUMAN,bio/HMDB0003419
HMDBP00017,HMDB0001022,bio/HEM0_HUMAN,bio/HMDB0001022
HMDBP00017,HMDB0001149,bio/HEM0_HUMAN,bio/CHEMBL601
HMDBP00017,HMDB0000123,bio/HEM0_HUMAN,bio/CHEMBL773
HMDBP00017,HMDB0001423,bio/HEM0_HUMAN,bio/CHEMBL1623949
HMDBP00017,HMDB0001967,bio/HEM0_HUMAN,bio/CHEMBL1231871
HMDBP00018,HMDB0001333,bio/ACACB_HUMAN,bio/HMDB0001333
HMDBP00018,HMDB0000030,bio/ACACB_HUMAN,bio/CHEMBL857
HMDBP00018,HMDB0000538,bio/ACACB_HUMAN,bio/CHEMBL14249
HMDBP00018,HMDB0001175,bio/ACACB_HUMAN,bio/CHEMBL1234355
HMDBP00018,HMDB0001206,bio/ACACB_HUMAN,bio/HMDB0001206
HMDBP00018,HMDB0001341,bio/ACACB_HUMAN,bio/CHEMBL14830
HMDBP00018,HMDB0001429,bio/ACACB_HUMAN,bio/CHEMBL1187
HMDBP00018,HMDB0000595,bio/ACACB_HUMAN,bio/CHEMBL1161632
HMDBP00019,HMDB0000243,bio/PYC_HUMAN,bio/CHEMBL1162144
HMDBP00019,HMDB0000223,bio/PYC_HUMAN,bio/CHEMBL1794791
HMDBP00019,HMDB0001333,bio/PYC_HUMAN,bio/HMDB0001333
HMDBP00019,HMDB0000030,bio/PYC_HUMAN,bio/CHEMBL857
HMDBP00019,HMDB0000538,bio/PYC_HUMAN,bio/CHEMBL14249
HMDBP00019,HMDB0001206,bio/PYC_HUMAN,bio/HMDB0001206
HMDBP00019,HMDB0015532,bio/PYC_HUMAN,bio/CHEMBL1236970
HMDBP00019,HMDB0001341,bio/PYC_HUMAN,bio/CHEMBL14830
HMDBP00019,HMDB0001429,bio/PYC_HUMAN,bio/CHEMBL1187
HMDBP00019,HMDB0000595,bio/PYC_HUMAN,bio/CHEMBL1161632
HMDBP00020,HMDB0003012,bio/ARY1_HUMAN,bio/CHEMBL538
HMDBP00020,HMDB0001206,bio/ARY1_HUMAN,bio/HMDB0001206
HMDBP00020,HMDB0001250,bio/ARY1_HUMAN,bio/CHEMBL269644
HMDBP00020,HMDB0001423,bio/ARY1_HUMAN,bio/CHEMBL1623949
HMDBP00020,HMDB0001860,bio/ARY1_HUMAN,bio/CHEMBL1158
HMDBP00020,HMDB0001972,bio/ARY1_HUMAN,bio/HMDB0001972
HMDBP00020,HMDB0011105,bio/ARY1_HUMAN,bio/HMDB0011105
HMDBP00020,HMDB0060362,bio/ARY1_HUMAN,bio/HMDB0060362
HMDBP00020,HMDB0060384,bio/ARY1_HUMAN,bio/HMDB0060384
HMDBP00020,HMDB0015086,bio/ARY1_HUMAN,bio/CHEMBL64
HMDBP00020,HMDB0041821,bio/ARY1_HUMAN,bio/CHEMBL1442231
HMDBP00020,HMDB0060428,bio/ARY1_HUMAN,bio/CHEMBL3091859
HMDBP00020,HMDB0060496,bio/ARY1_HUMAN,bio/CHEMBL3091852
HMDBP00021,HMDB0003012,bio/ARY2_HUMAN,bio/CHEMBL538
HMDBP00021,HMDB0001972,bio/ARY2_HUMAN,bio/HMDB0001972
HMDBP00021,HMDB0015086,bio/ARY2_HUMAN,bio/CHEMBL64
HMDBP00021,HMDB0001206,bio/ARY2_HUMAN,bio/HMDB0001206
HMDBP00021,HMDB0001423,bio/ARY2_HUMAN,bio/CHEMBL1623949
HMDBP00021,HMDB0001860,bio/ARY2_HUMAN,bio/CHEMBL1158
HMDBP00021,HMDB0011105,bio/ARY2_HUMAN,bio/HMDB0011105
HMDBP00021,HMDB0060362,bio/ARY2_HUMAN,bio/HMDB0060362
HMDBP00021,HMDB0060384,bio/ARY2_HUMAN,bio/HMDB0060384
HMDBP00021,HMDB0041821,bio/ARY2_HUMAN,bio/CHEMBL1442231
HMDBP00021,HMDB0060428,bio/ARY2_HUMAN,bio/CHEMBL3091859
HMDBP00021,HMDB0060496,bio/ARY2_HUMAN,bio/CHEMBL3091852
HMDBP00022,HMDB0000123,bio/HEM1_HUMAN,bio/CHEMBL773
HMDBP00022,HMDB0001149,bio/HEM1_HUMAN,bio/CHEMBL601
HMDBP00022,HMDB0006454,bio/HEM1_HUMAN,bio/HMDB0006454
HMDBP00022,HMDB0003178,bio/HEM1_HUMAN,bio/HMDB0003178
HMDBP00022,HMDB0001491,bio/HEM1_HUMAN,bio/CHEMBL82202
HMDBP00022,HMDB0003419,bio/HEM1_HUMAN,bio/HMDB0003419
HMDBP00022,HMDB0001022,bio/HEM1_HUMAN,bio/HMDB0001022
HMDBP00022,HMDB0001206,bio/HEM1_HUMAN,bio/HMDB0001206
HMDBP00022,HMDB0001423,bio/HEM1_HUMAN,bio/CHEMBL1623949
HMDBP00022,HMDB0001967,bio/HEM1_HUMAN,bio/CHEMBL1231871
HMDBP00023,HMDB0001206,bio/TF3C4_HUMAN,bio/HMDB0001206
HMDBP00023,HMDB0001423,bio/TF3C4_HUMAN,bio/CHEMBL1623949
HMDBP00024,HMDB0001206,bio/ACO12_HUMAN,bio/HMDB0001206
HMDBP00024,HMDB0000042,bio/ACO12_HUMAN,bio/CHEMBL539
HMDBP00024,HMDB0001423,bio/ACO12_HUMAN,bio/CHEMBL1623949
HMDBP00024,HMDB0002111,bio/ACO12_HUMAN,bio/CHEMBL1098659
HMDBP00025,HMDB0000895,bio/CLAT_HUMAN,bio/CHEMBL667
HMDBP00025,HMDB0000097,bio/CLAT_HUMAN,bio/CHEMBL920
HMDBP00025,HMDB0001206,bio/CLAT_HUMAN,bio/HMDB0001206
HMDBP00025,HMDB0001423,bio/CLAT_HUMAN,bio/CHEMBL1623949
HMDBP00026,HMDB0000876,bio/NCOA3_HUMAN,bio/CHEMBL1042
HMDBP00026,HMDB0001206,bio/NCOA3_HUMAN,bio/HMDB0001206
HMDBP00026,HMDB0001423,bio/NCOA3_HUMAN,bio/CHEMBL1623949
HMDBP00027,HMDB0001206,bio/KAT2B_HUMAN,bio/HMDB0001206
HMDBP00027,HMDB0001423,bio/KAT2B_HUMAN,bio/CHEMBL1623949
HMDBP00028,HMDB0001206,bio/CACP_HUMAN,bio/HMDB0001206
HMDBP00028,HMDB0000201,bio/CACP_HUMAN,bio/CHEMBL1358846
HMDBP00028,HMDB0000062,bio/CACP_HUMAN,bio/CHEMBL503189
HMDBP00028,HMDB0001423,bio/CACP_HUMAN,bio/CHEMBL1623949
HMDBP00028,HMDB0001359,bio/CACP_HUMAN,bio/HMDB0001359
HMDBP00028,HMDB0000824,bio/CACP_HUMAN,bio/CHEMBL2074916
HMDBP00028,HMDB0001275,bio/CACP_HUMAN,bio/HMDB0001275
HMDBP00029,HMDB0001186,bio/SAT1_HUMAN,bio/CHEMBL131004
HMDBP00029,HMDB0001206,bio/SAT1_HUMAN,bio/HMDB0001206
HMDBP00029,HMDB0001414,bio/SAT1_HUMAN,bio/CHEMBL46257
HMDBP00029,HMDB0001423,bio/SAT1_HUMAN,bio/CHEMBL1623949
HMDBP00029,HMDB0002064,bio/SAT1_HUMAN,bio/CHEMBL81241
HMDBP00029,HMDB0001256,bio/SAT1_HUMAN,bio/CHEMBL23194
HMDBP00029,HMDB0001257,bio/SAT1_HUMAN,bio/CHEMBL19612
HMDBP00029,HMDB0011634,bio/SAT1_HUMAN,bio/CHEMBL28743
HMDBP00029,HMDB0001276,bio/SAT1_HUMAN,bio/CHEMBL176800
HMDBP00030,HMDB0000259,bio/SNAT_HUMAN,bio/CHEMBL39
HMDBP00030,HMDB0001238,bio/SNAT_HUMAN,bio/CHEMBL33103
HMDBP00030,HMDB0001206,bio/SNAT_HUMAN,bio/HMDB0001206
HMDBP00030,HMDB0001423,bio/SNAT_HUMAN,bio/CHEMBL1623949
HMDBP00030,HMDB0000303,bio/SNAT_HUMAN,bio/CHEMBL6640
HMDBP00030,HMDB0004095,bio/SNAT_HUMAN,bio/CHEMBL8165
HMDBP00030,HMDB0012275,bio/SNAT_HUMAN,bio/CHEMBL610
HMDBP00031,HMDB0006891,bio/THIM_HUMAN,bio/HMDB0006891
HMDBP00031,HMDB0001374,bio/THIM_HUMAN,bio/HMDB0001374
HMDBP00031,HMDB0002159,bio/THIM_HUMAN,bio/HMDB0002159
HMDBP00031,HMDB0006292,bio/THIM_HUMAN,bio/HMDB0006292
HMDBP00031,HMDB0006897,bio/THIM_HUMAN,bio/HMDB0006897
HMDBP00031,HMDB0001484,bio/THIM_HUMAN,bio/HMDB0001484
HMDBP00031,HMDB0002845,bio/THIM_HUMAN,bio/CHEMBL1949895
HMDBP00031,HMDB0003941,bio/THIM_HUMAN,bio/HMDB0003941
HMDBP00031,HMDB0001070,bio/THIM_HUMAN,bio/CHEMBL1949896
HMDBP00031,HMDB0003939,bio/THIM_HUMAN,bio/HMDB0003939
HMDBP00031,HMDB0006404,bio/THIM_HUMAN,bio/CHEMBL1949897
HMDBP00031,HMDB0003937,bio/THIM_HUMAN,bio/HMDB0003937
HMDBP00031,HMDB0003571,bio/THIM_HUMAN,bio/CHEMBL1949898
HMDBP00031,HMDB0003935,bio/THIM_HUMAN,bio/HMDB0003935
HMDBP00031,HMDB0001521,bio/THIM_HUMAN,bio/CHEMBL1949899
HMDBP00031,HMDB0006402,bio/THIM_HUMAN,bio/HMDB0006402
HMDBP00031,HMDB0001423,bio/THIM_HUMAN,bio/CHEMBL1623949
HMDBP00031,HMDB0006272,bio/THIM_HUMAN,bio/HMDB0006272
HMDBP00031,HMDB0003943,bio/THIM_HUMAN,bio/HMDB0003943
HMDBP00031,HMDB0001088,bio/THIM_HUMAN,bio/CHEMBL1949894
HMDBP00031,HMDB0003712,bio/THIM_HUMAN,bio/HMDB0003712
HMDBP00031,HMDB0001157,bio/THIM_HUMAN,bio/HMDB0001157
HMDBP00031,HMDB0001257,bio/THIM_HUMAN,bio/CHEMBL19612
HMDBP00031,HMDB0001206,bio/THIM_HUMAN,bio/HMDB0001206
HMDBP00031,HMDB0001338,bio/THIM_HUMAN,bio/CHEMBL3904487
HMDBP00031,HMDB0006497,bio/THIM_HUMAN,bio/HMDB0006497
HMDBP00031,HMDB0001114,bio/THIM_HUMAN,bio/HMDB0001114
HMDBP00031,HMDB0004258,bio/THIM_HUMAN,bio/HMDB0004258
HMDBP00031,HMDB0001275,bio/THIM_HUMAN,bio/HMDB0001275
HMDBP00031,HMDB0013037,bio/THIM_HUMAN,bio/HMDB0013037
HMDBP00031,HMDB0012969,bio/THIM_HUMAN,bio/HMDB0012969
HMDBP00031,HMDB0013028,bio/THIM_HUMAN,bio/HMDB0013028
HMDBP00031,HMDB0013114,bio/THIM_HUMAN,bio/HMDB0013114
HMDBP00031,HMDB0006526,bio/THIM_HUMAN,bio/HMDB0006526
HMDBP00031,HMDB0002009,bio/THIM_HUMAN,bio/HMDB0002009
HMDBP00031,HMDB0001290,bio/THIM_HUMAN,bio/HMDB0001290
HMDBP00031,HMDB0003944,bio/THIM_HUMAN,bio/HMDB0003944
HMDBP00031,HMDB0003949,bio/THIM_HUMAN,bio/HMDB0003949
HMDBP00031,HMDB0003948,bio/THIM_HUMAN,bio/HMDB0003948
HMDBP00031,HMDB0003946,bio/THIM_HUMAN,bio/HMDB0003946
HMDBP00031,HMDB0004257,bio/THIM_HUMAN,bio/HMDB0004257
HMDBP00031,HMDB0001243,bio/THIM_HUMAN,bio/HMDB0001243
HMDBP00031,HMDB0011660,bio/THIM_HUMAN,bio/HMDB0011660
HMDBP00031,HMDB0001113,bio/THIM_HUMAN,bio/HMDB0001113
HMDBP00031,HMDB0002057,bio/THIM_HUMAN,bio/HMDB0002057
HMDBP00031,HMDB0001041,bio/THIM_HUMAN,bio/HMDB0001041
HMDBP00031,HMDB0002307,bio/THIM_HUMAN,bio/HMDB0002307
HMDBP00031,HMDB0003945,bio/THIM_HUMAN,bio/HMDB0003945
HMDBP00031,HMDB0006529,bio/THIM_HUMAN,bio/HMDB0006529
HMDBP00031,HMDB0001022,bio/THIM_HUMAN,bio/HMDB0001022
HMDBP00031,HMDB0060378,bio/THIM_HUMAN,bio/HMDB0060378
HMDBP00033,HMDB0001206,bio/CDY1_HUMAN,bio/HMDB0001206
HMDBP00033,HMDB0001423,bio/CDY1_HUMAN,bio/CHEMBL1623949
HMDBP00035,HMDB0000217,bio/FAS_HUMAN,bio/HMDB0000217
HMDBP00035,HMDB0000221,bio/FAS_HUMAN,bio/CHEMBL407009
HMDBP00035,HMDB0000220,bio/FAS_HUMAN,bio/CHEMBL82293
HMDBP00035,HMDB0001175,bio/FAS_HUMAN,bio/CHEMBL1234355
HMDBP00035,HMDB0001206,bio/FAS_HUMAN,bio/HMDB0001206
HMDBP00035,HMDB0001423,bio/FAS_HUMAN,bio/CHEMBL1623949
HMDBP00035,HMDB0001967,bio/FAS_HUMAN,bio/CHEMBL1231871
HMDBP00035,HMDB0002111,bio/FAS_HUMAN,bio/CHEMBL1098659
HMDBP00035,HMDB0001416,bio/FAS_HUMAN,bio/HMDB0001416
HMDBP00035,HMDB0000910,bio/FAS_HUMAN,bio/CHEMBL107874
HMDBP00035,HMDB0000806,bio/FAS_HUMAN,bio/CHEMBL111077
HMDBP00035,HMDB0006497,bio/FAS_HUMAN,bio/HMDB0006497
HMDBP00035,HMDB0000827,bio/FAS_HUMAN,bio/CHEMBL46403
HMDBP00035,HMDB0001043,bio/FAS_HUMAN,bio/CHEMBL15594
HMDBP00035,HMDB0002212,bio/FAS_HUMAN,bio/CHEMBL1173381
HMDBP00035,HMDB0002259,bio/FAS_HUMAN,bio/CHEMBL1172910
HMDBP00035,HMDB0000826,bio/FAS_HUMAN,bio/CHEMBL460025
HMDBP00035,HMDB0006516,bio/FAS_HUMAN,bio/HMDB0006516
HMDBP00035,HMDB0010722,bio/FAS_HUMAN,bio/HMDB0010722
HMDBP00035,HMDB0010724,bio/FAS_HUMAN,bio/HMDB0010724
HMDBP00035,HMDB0010725,bio/FAS_HUMAN,bio/HMDB0010725
HMDBP00035,HMDB0010726,bio/FAS_HUMAN,bio/HMDB0010726
HMDBP00035,HMDB0010727,bio/FAS_HUMAN,bio/HMDB0010727
HMDBP00035,HMDB0010728,bio/FAS_HUMAN,bio/HMDB0010728
HMDBP00035,HMDB0010729,bio/FAS_HUMAN,bio/HMDB0010729
HMDBP00035,HMDB0010730,bio/FAS_HUMAN,bio/HMDB0010730
HMDBP00035,HMDB0010731,bio/FAS_HUMAN,bio/HMDB0010731
HMDBP00035,HMDB0010732,bio/FAS_HUMAN,bio/HMDB0010732
HMDBP00035,HMDB0010733,bio/FAS_HUMAN,bio/HMDB0010733
HMDBP00035,HMDB0010734,bio/FAS_HUMAN,bio/HMDB0010734
HMDBP00035,HMDB0010735,bio/FAS_HUMAN,bio/HMDB0010735
HMDBP00035,HMDB0010737,bio/FAS_HUMAN,bio/HMDB0010737
HMDBP00035,HMDB0015168,bio/FAS_HUMAN,bio/CHEMBL45627
HMDBP00035,HMDB0015215,bio/FAS_HUMAN,bio/HMDB0015215
HMDBP00035,HMDB0000207,bio/FAS_HUMAN,bio/CHEMBL8659
HMDBP00035,HMDB0059597,bio/FAS_HUMAN,bio/HMDB0059597
HMDBP00036,HMDB0001206,bio/KAT5_HUMAN,bio/HMDB0001206
HMDBP00036,HMDB0001423,bio/KAT5_HUMAN,bio/CHEMBL1623949
HMDBP00037,HMDB0000042,bio/ACSA_HUMAN,bio/CHEMBL539
HMDBP00037,HMDB0001206,bio/ACSA_HUMAN,bio/HMDB0001206
HMDBP00037,HMDB0000538,bio/ACSA_HUMAN,bio/CHEMBL14249
HMDBP00037,HMDB0001423,bio/ACSA_HUMAN,bio/CHEMBL1623949
HMDBP00037,HMDB0000045,bio/ACSA_HUMAN,bio/CHEMBL752
HMDBP00037,HMDB0000250,bio/ACSA_HUMAN,bio/CHEMBL1160571
HMDBP00037,HMDB0006880,bio/ACSA_HUMAN,bio/HMDB0006880
HMDBP00037,HMDB0006806,bio/ACSA_HUMAN,bio/HMDB0006806
HMDBP00037,HMDB0001275,bio/ACSA_HUMAN,bio/HMDB0001275
HMDBP00037,HMDB0000237,bio/ACSA_HUMAN,bio/CHEMBL14021
HMDBP00038,HMDB0001484,bio/THIL_HUMAN,bio/HMDB0001484
HMDBP00038,HMDB0001206,bio/THIL_HUMAN,bio/HMDB0001206
HMDBP00038,HMDB0001423,bio/THIL_HUMAN,bio/CHEMBL1623949
HMDBP00038,HMDB0003943,bio/THIL_HUMAN,bio/HMDB0003943
HMDBP00038,HMDB0014933,bio/THIL_HUMAN,bio/CHEMBL421
HMDBP00038,HMDB0001088,bio/THIL_HUMAN,bio/CHEMBL1949894
HMDBP00039,HMDB0001206,bio/NCOA1_HUMAN,bio/HMDB0001206
HMDBP00039,HMDB0001423,bio/NCOA1_HUMAN,bio/CHEMBL1623949
HMDBP00039,HMDB0003217,bio/NCOA1_HUMAN,bio/CHEMBL44
HMDBP00040,HMDB0000032,bio/HMCS2_HUMAN,bio/CHEMBL1797131
HMDBP00040,HMDB0001206,bio/HMCS2_HUMAN,bio/HMDB0001206
HMDBP00040,HMDB0001375,bio/HMCS2_HUMAN,bio/CHEMBL1794644
HMDBP00040,HMDB0001423,bio/HMCS2_HUMAN,bio/CHEMBL1623949
HMDBP00040,HMDB0001484,bio/HMCS2_HUMAN,bio/HMDB0001484
HMDBP00040,HMDB0002111,bio/HMCS2_HUMAN,bio/CHEMBL1098659
HMDBP00041,HMDB0001451,bio/ODPX_HUMAN,bio/CHEMBL134342
HMDBP00042,HMDB0000042,bio/ACS2L_HUMAN,bio/CHEMBL539
HMDBP00042,HMDB0000045,bio/ACS2L_HUMAN,bio/CHEMBL752
HMDBP00042,HMDB0000237,bio/ACS2L_HUMAN,bio/CHEMBL14021
HMDBP00042,HMDB0000250,bio/ACS2L_HUMAN,bio/CHEMBL1160571
HMDBP00042,HMDB0000538,bio/ACS2L_HUMAN,bio/CHEMBL14249
HMDBP00042,HMDB0001206,bio/ACS2L_HUMAN,bio/HMDB0001206
HMDBP00042,HMDB0001275,bio/ACS2L_HUMAN,bio/HMDB0001275
HMDBP00042,HMDB0001423,bio/ACS2L_HUMAN,bio/CHEMBL1623949
HMDBP00042,HMDB0001429,bio/ACS2L_HUMAN,bio/CHEMBL1187
HMDBP00042,HMDB0006806,bio/ACS2L_HUMAN,bio/HMDB0006806
HMDBP00042,HMDB0006880,bio/ACS2L_HUMAN,bio/HMDB0006880
HMDBP00042,HMDB0001364,bio/ACS2L_HUMAN,bio/CHEMBL490984
HMDBP00043,HMDB0001206,bio/CISY_HUMAN,bio/HMDB0001206
HMDBP00043,HMDB0000223,bio/CISY_HUMAN,bio/CHEMBL1794791
HMDBP00043,HMDB0000094,bio/CISY_HUMAN,bio/CHEMBL1261
HMDBP00043,HMDB0001423,bio/CISY_HUMAN,bio/CHEMBL1623949
HMDBP00043,HMDB0002111,bio/CISY_HUMAN,bio/CHEMBL1098659
HMDBP00044,HMDB0001206,bio/CDY2_HUMAN,bio/HMDB0001206
HMDBP00044,HMDB0001423,bio/CDY2_HUMAN,bio/CHEMBL1623949
HMDBP00045,HMDB0001206,bio/THIK_HUMAN,bio/HMDB0001206
HMDBP00045,HMDB0001338,bio/THIK_HUMAN,bio/CHEMBL3904487
HMDBP00045,HMDB0006497,bio/THIK_HUMAN,bio/HMDB0006497
HMDBP00045,HMDB0001114,bio/THIK_HUMAN,bio/HMDB0001114
HMDBP00045,HMDB0004258,bio/THIK_HUMAN,bio/HMDB0004258
HMDBP00045,HMDB0001275,bio/THIK_HUMAN,bio/HMDB0001275
HMDBP00045,HMDB0001088,bio/THIK_HUMAN,bio/CHEMBL1949894
HMDBP00045,HMDB0013037,bio/THIK_HUMAN,bio/HMDB0013037
HMDBP00045,HMDB0012969,bio/THIK_HUMAN,bio/HMDB0012969
HMDBP00045,HMDB0001070,bio/THIK_HUMAN,bio/CHEMBL1949896
HMDBP00045,HMDB0013028,bio/THIK_HUMAN,bio/HMDB0013028
HMDBP00045,HMDB0006404,bio/THIK_HUMAN,bio/CHEMBL1949897
HMDBP00045,HMDB0013114,bio/THIK_HUMAN,bio/HMDB0013114
HMDBP00045,HMDB0003571,bio/THIK_HUMAN,bio/CHEMBL1949898
HMDBP00045,HMDB0006526,bio/THIK_HUMAN,bio/HMDB0006526
HMDBP00045,HMDB0002009,bio/THIK_HUMAN,bio/HMDB0002009
HMDBP00045,HMDB0001290,bio/THIK_HUMAN,bio/HMDB0001290
HMDBP00045,HMDB0003944,bio/THIK_HUMAN,bio/HMDB0003944
HMDBP00045,HMDB0003949,bio/THIK_HUMAN,bio/HMDB0003949
HMDBP00045,HMDB0003948,bio/THIK_HUMAN,bio/HMDB0003948
HMDBP00045,HMDB0003946,bio/THIK_HUMAN,bio/HMDB0003946
HMDBP00045,HMDB0004257,bio/THIK_HUMAN,bio/HMDB0004257
HMDBP00045,HMDB0003712,bio/THIK_HUMAN,bio/HMDB0003712
HMDBP00045,HMDB0001243,bio/THIK_HUMAN,bio/HMDB0001243
HMDBP00045,HMDB0011660,bio/THIK_HUMAN,bio/HMDB0011660
HMDBP00045,HMDB0001113,bio/THIK_HUMAN,bio/HMDB0001113
HMDBP00045,HMDB0002057,bio/THIK_HUMAN,bio/HMDB0002057
HMDBP00045,HMDB0006402,bio/THIK_HUMAN,bio/HMDB0006402
HMDBP00045,HMDB0003941,bio/THIK_HUMAN,bio/HMDB0003941
HMDBP00045,HMDB0001484,bio/THIK_HUMAN,bio/HMDB0001484
HMDBP00045,HMDB0001041,bio/THIK_HUMAN,bio/HMDB0001041
HMDBP00045,HMDB0002307,bio/THIK_HUMAN,bio/HMDB0002307
HMDBP00045,HMDB0003945,bio/THIK_HUMAN,bio/HMDB0003945
HMDBP00045,HMDB0006529,bio/THIK_HUMAN,bio/HMDB0006529
HMDBP00045,HMDB0002845,bio/THIK_HUMAN,bio/CHEMBL1949895
HMDBP00045,HMDB0013109,bio/THIK_HUMAN,bio/HMDB0013109
HMDBP00045,HMDB0001022,bio/THIK_HUMAN,bio/HMDB0001022
HMDBP00045,HMDB0001157,bio/THIK_HUMAN,bio/HMDB0001157
HMDBP00045,HMDB0001374,bio/THIK_HUMAN,bio/HMDB0001374
HMDBP00045,HMDB0001423,bio/THIK_HUMAN,bio/CHEMBL1623949
HMDBP00045,HMDB0001493,bio/THIK_HUMAN,bio/HMDB0001493
HMDBP00045,HMDB0001521,bio/THIK_HUMAN,bio/CHEMBL1949899
HMDBP00045,HMDB0002159,bio/THIK_HUMAN,bio/HMDB0002159
HMDBP00045,HMDB0002252,bio/THIK_HUMAN,bio/HMDB0002252
HMDBP00045,HMDB0003935,bio/THIK_HUMAN,bio/HMDB0003935
HMDBP00045,HMDB0003937,bio/THIK_HUMAN,bio/HMDB0003937
HMDBP00045,HMDB0003939,bio/THIK_HUMAN,bio/HMDB0003939
HMDBP00045,HMDB0003943,bio/THIK_HUMAN,bio/HMDB0003943
HMDBP00045,HMDB0006292,bio/THIK_HUMAN,bio/HMDB0006292
HMDBP00045,HMDB0006513,bio/THIK_HUMAN,bio/HMDB0006513
HMDBP00045,HMDB0006891,bio/THIK_HUMAN,bio/HMDB0006891
HMDBP00045,HMDB0006896,bio/THIK_HUMAN,bio/HMDB0006896
HMDBP00045,HMDB0006897,bio/THIK_HUMAN,bio/HMDB0006897
HMDBP00045,HMDB0060378,bio/THIK_HUMAN,bio/HMDB0060378
HMDBP00045,HMDB0011114,bio/THIK_HUMAN,bio/HMDB0011114
HMDBP00045,HMDB0060377,bio/THIK_HUMAN,bio/HMDB0060377
HMDBP00045,HMDB0011113,bio/THIK_HUMAN,bio/HMDB0011113
HMDBP00045,HMDB0060376,bio/THIK_HUMAN,bio/HMDB0060376
HMDBP00045,HMDB0060298,bio/THIK_HUMAN,bio/HMDB0060298
HMDBP00045,HMDB0060375,bio/THIK_HUMAN,bio/HMDB0060375
HMDBP00045,HMDB0060198,bio/THIK_HUMAN,bio/HMDB0060198
HMDBP00045,HMDB0060313,bio/THIK_HUMAN,bio/HMDB0060313
HMDBP00045,HMDB0060315,bio/THIK_HUMAN,bio/HMDB0060315
HMDBP00046,HMDB0000243,bio/ODPA_HUMAN,bio/CHEMBL1162144
HMDBP00046,HMDB0003904,bio/ODPA_HUMAN,bio/HMDB0003904
HMDBP00046,HMDB0000962,bio/ODPA_HUMAN,bio/CHEMBL1403899
HMDBP00046,HMDB0001526,bio/ODPA_HUMAN,bio/HMDB0001526
HMDBP00046,HMDB0001372,bio/ODPA_HUMAN,bio/CHEMBL1236376
HMDBP00046,HMDB0000005,bio/ODPA_HUMAN,bio/CHEMBL171246
HMDBP00046,HMDB0000019,bio/ODPA_HUMAN,bio/CHEMBL146554
HMDBP00046,HMDB0000902,bio/ODPA_HUMAN,bio/CHEMBL3039307
HMDBP00046,HMDB0001206,bio/ODPA_HUMAN,bio/HMDB0001206
HMDBP00046,HMDB0001423,bio/ODPA_HUMAN,bio/CHEMBL1623949
HMDBP00046,HMDB0001487,bio/ODPA_HUMAN,bio/CHEMBL1234616
HMDBP00046,HMDB0001967,bio/ODPA_HUMAN,bio/CHEMBL1231871
HMDBP00046,HMDB0006878,bio/ODPA_HUMAN,bio/HMDB0006878
HMDBP00047,HMDB0001175,bio/ACACA_HUMAN,bio/CHEMBL1234355
HMDBP00047,HMDB0001206,bio/ACACA_HUMAN,bio/HMDB0001206
HMDBP00047,HMDB0001333,bio/ACACA_HUMAN,bio/HMDB0001333
HMDBP00047,HMDB0000030,bio/ACACA_HUMAN,bio/CHEMBL857
HMDBP00047,HMDB0000538,bio/ACACA_HUMAN,bio/CHEMBL14249
HMDBP00047,HMDB0001341,bio/ACACA_HUMAN,bio/CHEMBL14830
HMDBP00047,HMDB0001429,bio/ACACA_HUMAN,bio/CHEMBL1187
HMDBP00047,HMDB0000595,bio/ACACA_HUMAN,bio/CHEMBL1161632
HMDBP00048,HMDB0001022,bio/ECHB_HUMAN,bio/HMDB0001022
HMDBP00048,HMDB0001070,bio/ECHB_HUMAN,bio/CHEMBL1949896
HMDBP00048,HMDB0001157,bio/ECHB_HUMAN,bio/HMDB0001157
HMDBP00048,HMDB0001206,bio/ECHB_HUMAN,bio/HMDB0001206
HMDBP00048,HMDB0001275,bio/ECHB_HUMAN,bio/HMDB0001275
HMDBP00048,HMDB0001374,bio/ECHB_HUMAN,bio/HMDB0001374
HMDBP00048,HMDB0001423,bio/ECHB_HUMAN,bio/CHEMBL1623949
HMDBP00048,HMDB0001484,bio/ECHB_HUMAN,bio/HMDB0001484
HMDBP00048,HMDB0001493,bio/ECHB_HUMAN,bio/HMDB0001493
HMDBP00048,HMDB0001521,bio/ECHB_HUMAN,bio/CHEMBL1949899
HMDBP00048,HMDB0002159,bio/ECHB_HUMAN,bio/HMDB0002159
HMDBP00048,HMDB0002252,bio/ECHB_HUMAN,bio/HMDB0002252
HMDBP00048,HMDB0003571,bio/ECHB_HUMAN,bio/CHEMBL1949898
HMDBP00048,HMDB0003935,bio/ECHB_HUMAN,bio/HMDB0003935
HMDBP00048,HMDB0003937,bio/ECHB_HUMAN,bio/HMDB0003937
HMDBP00048,HMDB0003939,bio/ECHB_HUMAN,bio/HMDB0003939
HMDBP00048,HMDB0003941,bio/ECHB_HUMAN,bio/HMDB0003941
HMDBP00048,HMDB0003943,bio/ECHB_HUMAN,bio/HMDB0003943
HMDBP00048,HMDB0006292,bio/ECHB_HUMAN,bio/HMDB0006292
HMDBP00048,HMDB0006402,bio/ECHB_HUMAN,bio/HMDB0006402
HMDBP00048,HMDB0006404,bio/ECHB_HUMAN,bio/CHEMBL1949897
HMDBP00048,HMDB0006513,bio/ECHB_HUMAN,bio/HMDB0006513
HMDBP00048,HMDB0006891,bio/ECHB_HUMAN,bio/HMDB0006891
HMDBP00048,HMDB0006896,bio/ECHB_HUMAN,bio/HMDB0006896
HMDBP00048,HMDB0006897,bio/ECHB_HUMAN,bio/HMDB0006897
HMDBP00048,HMDB0001338,bio/ECHB_HUMAN,bio/CHEMBL3904487
HMDBP00048,HMDB0006497,bio/ECHB_HUMAN,bio/HMDB0006497
HMDBP00048,HMDB0001114,bio/ECHB_HUMAN,bio/HMDB0001114
HMDBP00048,HMDB0004258,bio/ECHB_HUMAN,bio/HMDB0004258
HMDBP00048,HMDB0001088,bio/ECHB_HUMAN,bio/CHEMBL1949894
HMDBP00048,HMDB0013037,bio/ECHB_HUMAN,bio/HMDB0013037
HMDBP00048,HMDB0012969,bio/ECHB_HUMAN,bio/HMDB0012969
HMDBP00048,HMDB0013028,bio/ECHB_HUMAN,bio/HMDB0013028
HMDBP00048,HMDB0013114,bio/ECHB_HUMAN,bio/HMDB0013114
HMDBP00048,HMDB0006526,bio/ECHB_HUMAN,bio/HMDB0006526
HMDBP00048,HMDB0002009,bio/ECHB_HUMAN,bio/HMDB0002009
HMDBP00048,HMDB0001290,bio/ECHB_HUMAN,bio/HMDB0001290
HMDBP00048,HMDB0003944,bio/ECHB_HUMAN,bio/HMDB0003944
HMDBP00048,HMDB0003949,bio/ECHB_HUMAN,bio/HMDB0003949
HMDBP00048,HMDB0003948,bio/ECHB_HUMAN,bio/HMDB0003948
HMDBP00048,HMDB0003946,bio/ECHB_HUMAN,bio/HMDB0003946
HMDBP00048,HMDB0004257,bio/ECHB_HUMAN,bio/HMDB0004257
HMDBP00048,HMDB0003712,bio/ECHB_HUMAN,bio/HMDB0003712
HMDBP00048,HMDB0001243,bio/ECHB_HUMAN,bio/HMDB0001243
HMDBP00048,HMDB0011660,bio/ECHB_HUMAN,bio/HMDB0011660
HMDBP00048,HMDB0001113,bio/ECHB_HUMAN,bio/HMDB0001113
HMDBP00048,HMDB0002057,bio/ECHB_HUMAN,bio/HMDB0002057
HMDBP00048,HMDB0001041,bio/ECHB_HUMAN,bio/HMDB0001041
HMDBP00048,HMDB0002307,bio/ECHB_HUMAN,bio/HMDB0002307
HMDBP00048,HMDB0003945,bio/ECHB_HUMAN,bio/HMDB0003945
HMDBP00048,HMDB0006529,bio/ECHB_HUMAN,bio/HMDB0006529
HMDBP00048,HMDB0002845,bio/ECHB_HUMAN,bio/CHEMBL1949895
HMDBP00048,HMDB0012475,bio/ECHB_HUMAN,bio/HMDB0012475
HMDBP00048,HMDB0060378,bio/ECHB_HUMAN,bio/HMDB0060378
HMDBP00049,HMDB0000123,bio/KBL_HUMAN,bio/CHEMBL773
HMDBP00049,HMDB0006454,bio/KBL_HUMAN,bio/HMDB0006454
HMDBP00049,HMDB0001491,bio/KBL_HUMAN,bio/CHEMBL82202
HMDBP00049,HMDB0001206,bio/KBL_HUMAN,bio/HMDB0001206
HMDBP00049,HMDB0001423,bio/KBL_HUMAN,bio/CHEMBL1623949
HMDBP00050,HMDB0001372,bio/ODPAT_HUMAN,bio/CHEMBL1236376
HMDBP00050,HMDB0000005,bio/ODPAT_HUMAN,bio/CHEMBL171246
HMDBP00050,HMDB0000019,bio/ODPAT_HUMAN,bio/CHEMBL146554
HMDBP00050,HMDB0000243,bio/ODPAT_HUMAN,bio/CHEMBL1162144
HMDBP00050,HMDB0000902,bio/ODPAT_HUMAN,bio/CHEMBL3039307
HMDBP00050,HMDB0001206,bio/ODPAT_HUMAN,bio/HMDB0001206
HMDBP00050,HMDB0001423,bio/ODPAT_HUMAN,bio/CHEMBL1623949
HMDBP00050,HMDB0001487,bio/ODPAT_HUMAN,bio/CHEMBL1234616
HMDBP00050,HMDB0001967,bio/ODPAT_HUMAN,bio/CHEMBL1231871
HMDBP00050,HMDB0003904,bio/ODPAT_HUMAN,bio/HMDB0003904
HMDBP00050,HMDB0006878,bio/ODPAT_HUMAN,bio/HMDB0006878
HMDBP00051,HMDB0011111,bio/MMSA_HUMAN,bio/HMDB0011111
HMDBP00051,HMDB0001206,bio/MMSA_HUMAN,bio/HMDB0001206
HMDBP00051,HMDB0001275,bio/MMSA_HUMAN,bio/HMDB0001275
HMDBP00051,HMDB0002217,bio/MMSA_HUMAN,bio/HMDB0002217
HMDBP00051,HMDB0000902,bio/MMSA_HUMAN,bio/CHEMBL3039307
HMDBP00051,HMDB0001487,bio/MMSA_HUMAN,bio/CHEMBL1234616
HMDBP00051,HMDB0001338,bio/MMSA_HUMAN,bio/CHEMBL3904487
HMDBP00051,HMDB0006497,bio/MMSA_HUMAN,bio/HMDB0006497
HMDBP00051,HMDB0001114,bio/MMSA_HUMAN,bio/HMDB0001114
HMDBP00051,HMDB0004258,bio/MMSA_HUMAN,bio/HMDB0004258
HMDBP00051,HMDB0001088,bio/MMSA_HUMAN,bio/CHEMBL1949894
HMDBP00051,HMDB0013037,bio/MMSA_HUMAN,bio/HMDB0013037
HMDBP00051,HMDB0012969,bio/MMSA_HUMAN,bio/HMDB0012969
HMDBP00051,HMDB0001070,bio/MMSA_HUMAN,bio/CHEMBL1949896
HMDBP00051,HMDB0013028,bio/MMSA_HUMAN,bio/HMDB0013028
HMDBP00051,HMDB0006404,bio/MMSA_HUMAN,bio/CHEMBL1949897
HMDBP00051,HMDB0013114,bio/MMSA_HUMAN,bio/HMDB0013114
HMDBP00051,HMDB0003571,bio/MMSA_HUMAN,bio/CHEMBL1949898
HMDBP00051,HMDB0006526,bio/MMSA_HUMAN,bio/HMDB0006526
HMDBP00051,HMDB0002009,bio/MMSA_HUMAN,bio/HMDB0002009
HMDBP00051,HMDB0001290,bio/MMSA_HUMAN,bio/HMDB0001290
HMDBP00051,HMDB0003944,bio/MMSA_HUMAN,bio/HMDB0003944
HMDBP00051,HMDB0003949,bio/MMSA_HUMAN,bio/HMDB0003949
HMDBP00051,HMDB0003948,bio/MMSA_HUMAN,bio/HMDB0003948
HMDBP00051,HMDB0003946,bio/MMSA_HUMAN,bio/HMDB0003946
HMDBP00051,HMDB0004257,bio/MMSA_HUMAN,bio/HMDB0004257
HMDBP00051,HMDB0003712,bio/MMSA_HUMAN,bio/HMDB0003712
HMDBP00051,HMDB0001243,bio/MMSA_HUMAN,bio/HMDB0001243
HMDBP00051,HMDB0011660,bio/MMSA_HUMAN,bio/HMDB0011660
HMDBP00051,HMDB0001113,bio/MMSA_HUMAN,bio/HMDB0001113
HMDBP00051,HMDB0002057,bio/MMSA_HUMAN,bio/HMDB0002057
HMDBP00051,HMDB0001041,bio/MMSA_HUMAN,bio/HMDB0001041
HMDBP00051,HMDB0002307,bio/MMSA_HUMAN,bio/HMDB0002307
HMDBP00051,HMDB0003945,bio/MMSA_HUMAN,bio/HMDB0003945
HMDBP00051,HMDB0006529,bio/MMSA_HUMAN,bio/HMDB0006529
HMDBP00051,HMDB0002845,bio/MMSA_HUMAN,bio/CHEMBL1949895
HMDBP00051,HMDB0001172,bio/MMSA_HUMAN,bio/HMDB0001172
HMDBP00051,HMDB0001423,bio/MMSA_HUMAN,bio/CHEMBL1623949
HMDBP00051,HMDB0001967,bio/MMSA_HUMAN,bio/CHEMBL1231871
HMDBP00051,HMDB0002111,bio/MMSA_HUMAN,bio/CHEMBL1098659
HMDBP00051,HMDB0000595,bio/MMSA_HUMAN,bio/CHEMBL1161632
HMDBP00051,HMDB0059597,bio/MMSA_HUMAN,bio/HMDB0059597
HMDBP00051,HMDB0000217,bio/MMSA_HUMAN,bio/HMDB0000217
HMDBP00051,HMDB0000221,bio/MMSA_HUMAN,bio/CHEMBL407009
HMDBP00051,HMDB0001175,bio/MMSA_HUMAN,bio/CHEMBL1234355
HMDBP00051,HMDB0001269,bio/MMSA_HUMAN,bio/HMDB0001269
HMDBP00052,HMDB0001254,bio/GNA1_HUMAN,bio/CHEMBL3426569
HMDBP00052,HMDB0001062,bio/GNA1_HUMAN,bio/HMDB0001062
HMDBP00052,HMDB0001206,bio/GNA1_HUMAN,bio/HMDB0001206
HMDBP00052,HMDB0001423,bio/GNA1_HUMAN,bio/CHEMBL1623949
HMDBP00053,HMDB0001484,bio/HMCS1_HUMAN,bio/HMDB0001484
HMDBP00053,HMDB0001206,bio/HMCS1_HUMAN,bio/HMDB0001206
HMDBP00053,HMDB0001375,bio/HMCS1_HUMAN,bio/CHEMBL1794644
HMDBP00053,HMDB0001423,bio/HMCS1_HUMAN,bio/CHEMBL1623949
HMDBP00053,HMDB0002111,bio/HMCS1_HUMAN,bio/CHEMBL1098659
